<?xml version="1.0"?>
<pagescount>
	<html_total>70</html_total>
	<html_done>42</html_done>
	<images>56</images>
	<script>12</script>
	<css>12</css>
	<pdf/>
	<documents/>
	<excel/>
	<powerpoint/>
	<flash/>
	<audios>13</audios>
	<videos>4</videos>
	<xml/>
	<json/>
	<txt/>
	<autocad/>
	<model_3d/>
	<fonts/>
	<scraping_reload/>
	<is_pretty_url>false</is_pretty_url>
	<has_trailing_slash>true</has_trailing_slash>
	<is_ebn>false</is_ebn>
	<email>chindyarts@gmail.com</email>
	<is_valid_email/>
	<theme_name>cnle707cicwj37jtdn8wo601585</theme_name>
	<server_url_front_page>https://www5.waybackmachinedownloader.com/scraping/files/live/mtsn3tangerang.sch.id_chindyarts_gmail.com_k0cux7tuup/</server_url_front_page>
	<no_www_url>mtsn3tangerang.sch.id</no_www_url>
	<hosted_domain/>
	<original_archive_url>https://web.archive.org/web/20260119150548/https://mtsn3tangerang.sch.id/</original_archive_url>
	<final_archive_url>https://web.archive.org/web/20260119150548/https://mtsn3tangerang.sch.id/</final_archive_url>
	<front_page_code_date>20260119150548</front_page_code_date>
	<total_urls_from_api/>
	<max_reached_live>false</max_reached_live>
	<scrape_other_captures>false</scrape_other_captures>
	<action>Scraping of HTML pages from &amp;amp;lt;b&amp;amp;gt;current&amp;amp;lt;/b&amp;amp;gt; capture</action>
	<current_scraping_url>https://web.archive.org/web/20260119145849/https://www.mtsn3tangerang.sch.id/artikel_pelaksanaan-penilaian-akhir-tahun-pat-tahun-2020-2021-secara-daring-online-_id-6.html</current_scraping_url>
	<total_size>6240</total_size>
</pagescount>
